{
  "linear_0.001": {
    "score": 0.47751,
    "time": 18.748
  },
  "poly_0.001": {
    "score": 0.16357,
    "time": 20.89
  },
  "rbf_0.001": {
    "score": 0.74992,
    "time": 32.692
  },
  "sigmoid_0.001": {
    "score": 0.37097,
    "time": 35.169
  },
  "linear_0.01": {
    "score": 0.31324,
    "time": 17.472
  },
  "poly_0.01": {
    "score": 0.16355,
    "time": 20.643
  },
  "rbf_0.01": {
    "score": 0.74992,
    "time": 32.538
  },
  "sigmoid_0.01": {
    "score": 0.38029,
    "time": 39.825
  },
  "linear_0.1": {
    "score": 0.35057,
    "time": 22.181
  },
  "poly_0.1": {
    "score": 0.16342,
    "time": 33.624
  },
  "rbf_0.1": {
    "score": 0.74992,
    "time": 40.963
  },
  "sigmoid_0.1": {
    "score": 0.39612,
    "time": 35.366
  },
  "linear_1.0": {
    "score": 0.70418,
    "time": 17.75
  },
  "poly_1.0": {
    "score": 0.17222,
    "time": 19.131
  },
  "rbf_1.0": {
    "score": 0.7684,
    "time": 32.283
  },
  "sigmoid_1.0": {
    "score": 0.37817,
    "time": 35.416
  },
  "linear_10.0": {
    "score": 0.69619,
    "time": 14.842
  },
  "poly_10.0": {
    "score": 0.25819,
    "time": 17.041
  },
  "rbf_10.0": {
    "score": 0.70308,
    "time": 32.84
  },
  "sigmoid_10.0": {
    "score": 0.39094,
    "time": 37.948
  },
  "linear_100.0": {
    "score": 0.46476,
    "time": 12.51
  },
  "poly_100.0": {
    "score": 0.1828,
    "time": 19.167
  },
  "rbf_100.0": {
    "score": 0.49043,
    "time": 31.845
  },
  "sigmoid_100.0": {
    "score": 0.39125,
    "time": 36.183
  },
  "linear_1000.0": {
    "score": 0.60659,
    "time": 6.529
  },
  "poly_1000.0": {
    "score": 0.19696,
    "time": 15.791
  },
  "rbf_1000.0": {
    "score": 0.55743,
    "time": 31.099
  },
  "sigmoid_1000.0": {
    "score": 0.39125,
    "time": 35.374
  },
  "linear_10000.0": {
    "score": 0.66643,
    "time": 2.071
  },
  "poly_10000.0": {
    "score": 0.19696,
    "time": 26.017
  },
  "rbf_10000.0": {
    "score": 0.67181,
    "time": 30.2
  },
  "sigmoid_10000.0": {
    "score": 0.82371,
    "time": 34.79
  }
}