{
  "gini_5": {
    "score": 0.78617,
    "time": 3.962
  },
  "entropy_5": {
    "score": 0.78561,
    "time": 3.943
  },
  "gini_10": {
    "score": 0.7902,
    "time": 7.722
  },
  "entropy_10": {
    "score": 0.79044,
    "time": 7.837
  },
  "gini_20": {
    "score": 0.79232,
    "time": 14.525
  },
  "entropy_20": {
    "score": 0.79258,
    "time": 16.935
  },
  "gini_50": {
    "score": 0.79455,
    "time": 38.611
  },
  "entropy_50": {
    "score": 0.79532,
    "time": 43.239
  },
  "gini_100": {
    "score": 0.79593,
    "time": 81.089
  },
  "entropy_100": {
    "score": 0.79658,
    "time": 92.804
  },
  "gini_150": {
    "score": 0.79747,
    "time": 121.33
  },
  "entropy_150": {
    "score": 0.79738,
    "time": 124.245
  },
  "gini_200": {
    "score": 0.79781,
    "time": 160.529
  },
  "entropy_200": {
    "score": 0.79814,
    "time": 160.713
  },
  "gini_300": {
    "score": 0.79893,
    "time": 223.193
  },
  "entropy_300": {
    "score": 0.79888,
    "time": 263.973
  },
  "gini_500": {
    "score": 0.79952,
    "time": 404.376
  },
  "entropy_500": {
    "score": 0.79944,
    "time": 428.322
  }
}